No,Palabra clave,Volumen,CPC,Paid Difficulty,Dificultad SEO,Vertical,URL Asignada,Rol / Intención
1,professional headlight restoration,590,1.75,100,26,Supplemental Services,/services,Servicio Suplementario (Catálogo)
2,pet hair removal car,880,0.505,100,36,Supplemental Services,/services,Servicio Suplementario (Catálogo)
3,ceramic coating cost,3600,7.06,43,12,Ceramic Coating,/ceramic-coating,Target Secundario (Precios)
4,vehicle detailing,1900,3.25,28,67,Auto Detailing General,/,Target Principal o Soporte
5,mold removal car interior,720,4.19,97,20,Interior Detailing,/interior-detailing,Target Servicio / Secundario
6,professional window tint near me,390,6.37,55,16,Window Tinting,/window-tinting,Proximidad / Local Pack
7,smoke smell removal car,1900,0.945,100,30,Supplemental Services,/services,Servicio Suplementario (Catálogo)
8,window tint prices near me,4400,2.62,62,25,Window Tinting,/window-tinting,Proximidad / Precios
9,car polishing,18100,1.255,100,54,Paint Correction,/paint-correction,Target Servicio / Secundario
10,exterior car detailing,3600,2.25,61,10,Exterior Detailing,/exterior-detailing,Target Servicio / Secundario
11,how much does it cost to get windows tinted,1600,4.58,51,10,Window Tinting,/window-tinting,Target Secundario (Precios)
12,tint car windows near me,368000,5.21,75,26,Window Tinting,/window-tinting,Proximidad / Local Pack
13,windows tint nearby,5400,4.925,47,29,Window Tinting,/window-tinting,Proximidad / Local Pack
14,car ceramic coating,49500,6.31,95,43,Ceramic Coating,/ceramic-coating,Target Servicio / Secundario
15,full car detail,1000,2.99,75,13,Auto Detailing General,/,Target Principal o Soporte
16,where can i get my car windows tinted,720,5,73,21,Window Tinting,/window-tinting,Descubrimiento / FAQ
17,mobile auto detailing,33100,3.61,47,10,Mobile Detailing,/mobile-auto-detailing,Target Servicio
18,cigarette smell removal car,720,0.865,100,36,Supplemental Services,/services,Servicio Suplementario (Catálogo)
19,windows tint near me,368000,4.505,75,57,Window Tinting,/window-tinting,Proximidad / Local Pack
20,car window tint removal near me,260,5,73,20,Window Tinting,/window-tinting,Proximidad (Remoción de Tint)
21,system x ceramic coating,2900,1.45,87,11,Ceramic Coating,/ceramic-coating,Target Servicio / Secundario
22,windows tinted price,12100,3.175,83,41,Window Tinting,/window-tinting,Target Secundario (Precios)
23,mobile car cleaning near me,1300,3.64,76,7,Mobile Detailing,/mobile-auto-detailing,Proximidad / Local Pack
24,car paint correction,6600,3,67,17,Paint Correction,/paint-correction,Target Servicio / Secundario
25,paint correction near me,12100,3.73,63,12,Paint Correction,/paint-correction,Proximidad / Local Pack
26,auto detailing,49500,2.34,26,80,Auto Detailing General,/,Target Principal o Soporte
27,engine cleaning service,1300,2.63,56,14,Supplemental Services,/services,Servicio Suplementario (Catálogo)
28,window tint laws in new jersey,1000,2.36,2,24,Window Tinting,/window-tinting,Informativo / Normativa NJ
29,auto detailing nj,1000,3,37,28,Auto Detailing General,/,Target Principal o Soporte
30,interior car detailing,18100,2.65,81,36,Interior Detailing,/interior-detailing,Target Servicio / Secundario
31,auto detailing service,110000,3.415,6,44,Auto Detailing General,/,Target Principal o Soporte
32,paint correction,12100,3.72,80,13,Paint Correction,/paint-correction,Target Servicio / Secundario
33,car detailing shop near me,301000,2.48,73,44,Auto Detailing General,/,Proximidad / Local Pack
34,mobile car cleaning,880,4.07,60,13,Mobile Detailing,/mobile-auto-detailing,Target Servicio
35,window tint removal cost,1600,1.92,5,14,Window Tinting,/window-tinting,Target H2 (Remoción de Tint)
36,car upholstery cleaning,6600,1.17,95,43,Interior Detailing,/interior-detailing,Target Servicio / Secundario
37,car odor removal,1300,1.34,97,20,Supplemental Services,/services,Servicio Suplementario (Catálogo)
38,car detailing services,110000,2.41,7,21,Auto Detailing General,/,Target Principal o Soporte
39,interior detailing near me,5400,2.72,63,18,Interior Detailing,/interior-detailing,Proximidad / Local Pack
40,professional car interior cleaning,590,2.81,92,26,Interior Detailing,/interior-detailing,Target Servicio / Secundario
41,auto odor removal,1300,1.58,100,19,Supplemental Services,/services,Servicio Suplementario (Catálogo)
42,mobile detailing near me,60500,2.99,56,29,Mobile Detailing,/mobile-auto-detailing,Proximidad / Local Pack
43,paint restoration car,2900,1.735,92,41,Paint Correction,/paint-correction,Target Servicio / Secundario
44,auto window tinting near me prices,880,3.79,93,19,Window Tinting,/window-tinting,Proximidad / Precios
45,car seat cleaning near me,2400,1.92,66,26,Interior Detailing,/interior-detailing,Proximidad / Local Pack
46,car detailing at home,1300,4.3,61,35,Auto Detailing General,/,Target Principal o Soporte
47,automotive ceramic coating,49500,5.73,95,39,Ceramic Coating,/ceramic-coating,Target Servicio / Secundario
48,car carpet cleaning near me,1000,2.13,73,26,Interior Detailing,/interior-detailing,Proximidad / Local Pack
49,car carpet cleaning,22200,1.12,100,25,Interior Detailing,/interior-detailing,Target Servicio / Secundario
50,car detailer near me,301000,3.44,73,56,Auto Detailing General,/,Proximidad / Local Pack
51,ceramic coating nj,140,8.28,34,10,Ceramic Coating,/ceramic-coating,Target Servicio / Secundario
52,car window tint service near me,480,4.23,25,19,Window Tinting,/window-tinting,Proximidad / Local Pack
53,car interior detailing near me,4400,2.53,81,13,Interior Detailing,/interior-detailing,Proximidad / Local Pack
54,window tint removal near me,1600,5.41,59,20,Window Tinting,/window-tinting,Proximidad (Remoción de Tint)
55,headlight restoration,33100,0.885,94,39,Supplemental Services,/services,Servicio Suplementario (Catálogo)
56,car detailing,110000,2.85,38,33,Auto Detailing General,/,Target Principal o Soporte
57,engine bay detailing,880,1.48,71,36,Supplemental Services,/services,Servicio Suplementario (Catálogo)
58,headlight polishing,1600,0.47,96,47,Paint Correction,/paint-correction,Target Servicio / Secundario
59,engine detailing,880,1.6,80,19,Supplemental Services,/services,Servicio Suplementario (Catálogo)
60,best ceramic coating near me,1300,8.61,71,15,Ceramic Coating,/ceramic-coating,Proximidad / Local Pack
61,ceramic paint coating,1000,4.67,48,41,Ceramic Coating,/ceramic-coating,Target Servicio / Secundario
62,car seat stain removal,2900,1.005,96,34,Interior Detailing,/interior-detailing,Target Servicio / Secundario
63,full auto detailing,1000,2.77,73,27,Auto Detailing General,/,Target Principal o Soporte
64,auto interior detailing,14800,2.65,74,12,Interior Detailing,/interior-detailing,Target Servicio / Secundario
65,car upholstery cleaning near me,880,2.74,70,23,Interior Detailing,/interior-detailing,Proximidad / Local Pack
66,engine bay cleaning,6600,0.92,80,22,Supplemental Services,/services,Servicio Suplementario (Catálogo)
67,car exterior cleaning,1000,1.15,62,34,Exterior Detailing,/exterior-detailing,Target Servicio / Secundario
68,car interior cleaning,49500,1.85,96,48,Interior Detailing,/interior-detailing,Target Servicio / Secundario
69,mobile detailing,27100,2.88,43,46,Mobile Detailing,/mobile-auto-detailing,Target Servicio
70,paint correction service,1300,3.35,13,6,Paint Correction,/paint-correction,Target Servicio / Secundario
71,auto paint correction,5400,2.435,16,19,Paint Correction,/paint-correction,Target Servicio / Secundario
72,window tint service near me,5400,4.98,30,36,Window Tinting,/window-tinting,Proximidad / Local Pack
73,car smell removal,1300,1.2,100,34,Supplemental Services,/services,Servicio Suplementario (Catálogo)
74,professional ceramic coating,2400,6.03,92,17,Ceramic Coating,/ceramic-coating,Target Servicio / Secundario
75,auto ceramic coating,49500,6.31,95,40,Ceramic Coating,/ceramic-coating,Target Servicio / Secundario
76,engine bay cleaning near me,720,2.23,85,11,Supplemental Services,/services,Proximidad / Catálogo Suplementario
77,engine detailing near me,880,2.81,84,8,Supplemental Services,/services,Proximidad / Catálogo Suplementario
78,scratch removal car,6600,1.105,100,45,Paint Correction,/paint-correction,Target Servicio / Secundario
79,ceramic paint protection,720,5.88,73,42,Ceramic Coating,/ceramic-coating,Target Servicio / Secundario
80,mobile car detailing near me,33100,3.45,74,24,Mobile Detailing,/mobile-auto-detailing,Proximidad / Local Pack
81,window tint companies near me,1000,8.08,63,35,Window Tinting,/window-tinting,Proximidad / Local Pack
82,window tint installation,18100,5.08,14,34,Window Tinting,/window-tinting,Target Principal (Instalación)
83,premium car wash,1000,0.96,13,12,Excluded,N/A,Excluido por posicionamiento de marca
84,complete car detailing,1000,2.77,73,7,Auto Detailing General,/,Target Principal o Soporte
85,car detailing near me,301000,2.68,73,18,Auto Detailing General,/,Proximidad / Local Pack
86,mobile auto detailing near me,33100,3.45,74,11,Mobile Detailing,/mobile-auto-detailing,Proximidad / Local Pack
87,where can i get my windows tinted near me,390,5.53,74,24,Window Tinting,/window-tinting,Proximidad / Local Pack
88,car paint protection,12100,6.42,57,25,Auto Detailing General,/,Target Principal o Soporte
89,how much is ceramic coating,1600,4.71,35,16,Ceramic Coating,/ceramic-coating,Target Secundario (Precios)
90,mold cleaning car,5400,7.92,94,20,Supplemental Services,/services,Servicio Suplementario (Catálogo)
91,mobile interior car detailing,18100,2.885,78,34,Mobile Detailing,/mobile-auto-detailing,Target Servicio
92,auto detailer near me,74000,3.23,57,45,Auto Detailing General,/,Proximidad / Local Pack
93,steam cleaning car interior,1900,1.04,100,19,Interior Detailing,/interior-detailing,Target Servicio / Secundario
94,professional auto detailing,1300,2.99,23,27,Auto Detailing General,/,Target Principal o Soporte
95,car shampoo service,2900,2.51,47,56,Interior Detailing,/interior-detailing,Target Servicio / Secundario
96,ceramic coating near me,33100,7.06,39,24,Ceramic Coating,/ceramic-coating,Proximidad / Local Pack
97,deep clean car interior,1900,2.55,56,27,Interior Detailing,/interior-detailing,Target Servicio / Secundario
98,car interior cleaning near me,8100,2.26,77,13,Interior Detailing,/interior-detailing,Proximidad / Local Pack
99,car interior detailing,14800,2.65,74,39,Interior Detailing,/interior-detailing,Target Servicio / Secundario
100,car engine cleaning,1900,0.74,98,35,Supplemental Services,/services,Servicio Suplementario (Catálogo)
101,windows tint removal,6600,2.35,28,23,Window Tinting,/window-tinting,Target H2 (Remoción de Tint)
102,exterior car detailing near me,1000,3.1,43,21,Exterior Detailing,/exterior-detailing,Proximidad / Local Pack
103,mobile detailing service,6600,2.68,6,9,Mobile Detailing,/mobile-auto-detailing,Target Servicio
104,car waxing,60500,0.84,88,63,Exterior Detailing,/exterior-detailing,Target Servicio / Secundario
105,exterior detailing,3600,2.25,61,7,Exterior Detailing,/exterior-detailing,Target Servicio / Secundario
106,window tint installation near me,1300,9.93,55,59,Window Tinting,/window-tinting,Proximidad / Local Pack
107,car paint ceramic coating,1300,5.085,35,16,Ceramic Coating,/ceramic-coating,Target Servicio / Secundario
108,car deep cleaning near me,1900,3.05,80,36,Interior Detailing,/interior-detailing,Proximidad / Local Pack
109,car polish,14800,0.92,100,36,Paint Correction,/paint-correction,Target Servicio / Secundario
110,auto detailing near me,74000,2.45,62,40,Auto Detailing General,/,Proximidad / Local Pack
111,mobile car detailing,33100,3.61,47,22,Mobile Detailing,/mobile-auto-detailing,Target Servicio
112,professional car detailing,4400,2.91,40,39,Auto Detailing General,/,Target Principal o Soporte
113,car seat cleaning,1600,1.56,91,24,Interior Detailing,/interior-detailing,Target Servicio / Secundario
114,car steam cleaning,4400,0.7,100,18,Interior Detailing,/interior-detailing,Target Servicio / Secundario
115,full detail car,1000,2.04,73,34,Auto Detailing General,/,Target Principal o Soporte
116,headlight restoration near me,12100,2.255,52,24,Supplemental Services,/services,Proximidad / Catálogo Suplementario
117,car windows tint near me prices,880,4.34,81,27,Window Tinting,/window-tinting,Proximidad / Precios
118,deep car cleaning,4400,2.315,61,33,Auto Detailing General,/,Target Principal o Soporte
119,windows tint new jersey,880,4.29,62,24,Window Tinting,/window-tinting,Target Geo (New Jersey)
120,mobile detailer near me,60500,3.2,64,43,Mobile Detailing,/mobile-auto-detailing,Proximidad / Local Pack
121,ceramic coating price,1600,6.43,52,11,Ceramic Coating,/ceramic-coating,Target Secundario (Precios)
122,ceramic coating installer,1600,6.1,12,11,Ceramic Coating,/ceramic-coating,Target Servicio / Secundario
123,window tint in new jersey,880,4.29,62,24,Window Tinting,/window-tinting,Target Geo (New Jersey)
124,ceramic coating,60500,5.83,82,30,Ceramic Coating,/ceramic-coating,Target Servicio / Secundario
125,paint polishing,1900,1.555,87,45,Paint Correction,/paint-correction,Target Servicio / Secundario
126,auto interior cleaning,49500,2.36,55,29,Interior Detailing,/interior-detailing,Target Servicio / Secundario
127,where can i get my windows tinted,720,5.85,72,17,Window Tinting,/window-tinting,Descubrimiento / FAQ
128,ceramic coating service,1900,5.92,11,9,Ceramic Coating,/ceramic-coating,Target Servicio / Secundario
129,exterior auto detailing,4400,2.445,55,31,Exterior Detailing,/exterior-detailing,Target Servicio / Secundario
130,mold removal car,5400,12.92,93,20,Supplemental Services,/services,Servicio Suplementario (Catálogo)
131,ceramic coating for cars,49500,5.73,95,42,Ceramic Coating,/ceramic-coating,Target Servicio / Secundario
132,car detailing shop,5400,2.98,23,55,Auto Detailing General,/,Target Principal o Soporte
133,car detailing service,110000,3.36,7,29,Auto Detailing General,/,Target Principal o Soporte
134,car headlight restoration,1000,0.82,89,35,Supplemental Services,/services,Servicio Suplementario (Catálogo)
135,vehicle detailing near me,301000,2.63,75,22,Auto Detailing General,/,Proximidad / Local Pack
136,window tint laws new jersey,880,0.02,2,17,Window Tinting,/window-tinting,Informativo / Normativa NJ
137,ceramic coating car,49500,6.31,95,38,Ceramic Coating,/ceramic-coating,Target Servicio / Secundario
138,luxury auto detailing,1000,2.43,20,10,Auto Detailing General,/,Target Principal o Soporte
139,car detailing exterior,4400,2.495,62,33,Exterior Detailing,/exterior-detailing,Target Servicio / Secundario
140,luxury car detailing,1300,2.06,28,12,Auto Detailing General,/,Target Principal o Soporte
141,car windows tint near me,74000,4.585,56,44,Window Tinting,/window-tinting,Proximidad / Local Pack
