source,action,destination,rule,exported_destination,verification
"https://www.cleanworxnj.com/contact-detailing-basking-ridge-nj","301","https://www.cleanworxnj.com/contact","RewriteRule ^contact-detailing-basking-ridge-nj/?$ https://www.cleanworxnj.com/contact [R=301,L,NE]","out\contact.html","PASS_STATIC"
"https://www.cleanworxnj.com/auto-detailing-basking-ridge-pricing","301","https://www.cleanworxnj.com/","RewriteRule ^auto-detailing-basking-ridge-pricing/?$ https://www.cleanworxnj.com/ [R=301,L,NE]","out\index.html","PASS_STATIC"
"https://www.cleanworxnj.com/basking-ridge-nj-detailing","301","https://www.cleanworxnj.com/","RewriteRule ^basking-ridge-nj-detailing/?$ https://www.cleanworxnj.com/ [R=301,L,NE]","out\index.html","PASS_STATIC"
"https://www.cleanworxnj.com/full-detail-services-warren","301","https://www.cleanworxnj.com/","RewriteRule ^full-detail-services-warren/?$ https://www.cleanworxnj.com/ [R=301,L,NE]","out\index.html","PASS_STATIC"
"https://www.cleanworxnj.com/clark-nj-full-detailing-services","301","https://www.cleanworxnj.com/","RewriteRule ^clark-nj-full-detailing-services/?$ https://www.cleanworxnj.com/ [R=301,L,NE]","out\index.html","PASS_STATIC"
"https://www.cleanworxnj.com/westfield-full-detailing-services","301","https://www.cleanworxnj.com/service-areas/westfield-nj","RewriteRule ^westfield-full-detailing-services/?$ https://www.cleanworxnj.com/service-areas/westfield-nj [R=301,L,NE]","out\service-areas\westfield-nj.html","PASS_STATIC"
"https://www.cleanworxnj.com/edison-nj-full-detailing-services","301","https://www.cleanworxnj.com/service-areas/edison-nj","RewriteRule ^edison-nj-full-detailing-services/?$ https://www.cleanworxnj.com/service-areas/edison-nj [R=301,L,NE]","out\service-areas\edison-nj.html","PASS_STATIC"
"https://www.cleanworxnj.com/crandford-nj-full-detailing-services","301","https://www.cleanworxnj.com/service-areas/cranford-nj","RewriteRule ^crandford-nj-full-detailing-services/?$ https://www.cleanworxnj.com/service-areas/cranford-nj [R=301,L,NE]","out\service-areas\cranford-nj.html","PASS_STATIC"
"https://www.cleanworxnj.com/scotch-plains-nj-full-detailing-services","301","https://www.cleanworxnj.com/","RewriteRule ^scotch-plains-nj-full-detailing-services/?$ https://www.cleanworxnj.com/ [R=301,L,NE]","out\index.html","PASS_STATIC"
"https://www.cleanworxnj.com/fords-nj-full-detailing-services","301","https://www.cleanworxnj.com/","RewriteRule ^fords-nj-full-detailing-services/?$ https://www.cleanworxnj.com/ [R=301,L,NE]","out\index.html","PASS_STATIC"
"https://www.cleanworxnj.com/clark-nj-interior-detailing-services","301","https://www.cleanworxnj.com/interior-detailing","RewriteRule ^clark-nj-interior-detailing-services/?$ https://www.cleanworxnj.com/interior-detailing [R=301,L,NE]","out\interior-detailing.html","PASS_STATIC"
"https://www.cleanworxnj.com/westfield-interior-detailing-services","301","https://www.cleanworxnj.com/service-areas/westfield-nj","RewriteRule ^westfield-interior-detailing-services/?$ https://www.cleanworxnj.com/service-areas/westfield-nj [R=301,L,NE]","out\service-areas\westfield-nj.html","PASS_STATIC"
"https://www.cleanworxnj.com/interior-detail-services-warren-nj","301","https://www.cleanworxnj.com/interior-detailing","RewriteRule ^interior-detail-services-warren-nj/?$ https://www.cleanworxnj.com/interior-detailing [R=301,L,NE]","out\interior-detailing.html","PASS_STATIC"
"https://www.cleanworxnj.com/edison-nj-interior-detailing-services","301","https://www.cleanworxnj.com/service-areas/edison-nj","RewriteRule ^edison-nj-interior-detailing-services/?$ https://www.cleanworxnj.com/service-areas/edison-nj [R=301,L,NE]","out\service-areas\edison-nj.html","PASS_STATIC"
"https://www.cleanworxnj.com/crandford-nj-interior-detailing-services","301","https://www.cleanworxnj.com/service-areas/cranford-nj","RewriteRule ^crandford-nj-interior-detailing-services/?$ https://www.cleanworxnj.com/service-areas/cranford-nj [R=301,L,NE]","out\service-areas\cranford-nj.html","PASS_STATIC"
"https://www.cleanworxnj.com/scotch-plains-nj-interior-detailing-services","301","https://www.cleanworxnj.com/interior-detailing","RewriteRule ^scotch-plains-nj-interior-detailing-services/?$ https://www.cleanworxnj.com/interior-detailing [R=301,L,NE]","out\interior-detailing.html","PASS_STATIC"
"https://www.cleanworxnj.com/fords-nj-interior-detailing-services","301","https://www.cleanworxnj.com/interior-detailing","RewriteRule ^fords-nj-interior-detailing-services/?$ https://www.cleanworxnj.com/interior-detailing [R=301,L,NE]","out\interior-detailing.html","PASS_STATIC"
"https://www.cleanworxnj.com/exterior-detail-services-warren","301","https://www.cleanworxnj.com/exterior-detailing","RewriteRule ^exterior-detail-services-warren/?$ https://www.cleanworxnj.com/exterior-detailing [R=301,L,NE]","out\exterior-detailing.html","PASS_STATIC"
"https://www.cleanworxnj.com/car-cleaniing-services-warren","301","https://www.cleanworxnj.com/","RewriteRule ^car-cleaniing-services-warren/?$ https://www.cleanworxnj.com/ [R=301,L,NE]","out\index.html","PASS_STATIC"
"https://www.cleanworxnj.com/basking-ridge-nj-auto-detailing-services","301","https://www.cleanworxnj.com/","RewriteRule ^basking-ridge-nj-auto-detailing-services/?$ https://www.cleanworxnj.com/ [R=301,L,NE]","out\index.html","PASS_STATIC"
"https://www.cleanworxnj.com/edison-nj-exterior-detailing-services","301","https://www.cleanworxnj.com/service-areas/edison-nj","RewriteRule ^edison-nj-exterior-detailing-services/?$ https://www.cleanworxnj.com/service-areas/edison-nj [R=301,L,NE]","out\service-areas\edison-nj.html","PASS_STATIC"
"https://www.cleanworxnj.com/crandford-nj-exterior-detailing-services","301","https://www.cleanworxnj.com/service-areas/cranford-nj","RewriteRule ^crandford-nj-exterior-detailing-services/?$ https://www.cleanworxnj.com/service-areas/cranford-nj [R=301,L,NE]","out\service-areas\cranford-nj.html","PASS_STATIC"
"https://www.cleanworxnj.com/scotch-plains-nj-exterior-detailing-services","301","https://www.cleanworxnj.com/exterior-detailing","RewriteRule ^scotch-plains-nj-exterior-detailing-services/?$ https://www.cleanworxnj.com/exterior-detailing [R=301,L,NE]","out\exterior-detailing.html","PASS_STATIC"
"https://www.cleanworxnj.com/fords-nj-interior-exterior-services-1","301","https://www.cleanworxnj.com/interior-detailing","RewriteRule ^fords-nj-interior-exterior-services-1/?$ https://www.cleanworxnj.com/interior-detailing [R=301,L,NE]","out\interior-detailing.html","PASS_STATIC"
"https://www.cleanworxnj.com/edison-nj-headlight-restoration","301","https://www.cleanworxnj.com/service-areas/edison-nj","RewriteRule ^edison-nj-headlight-restoration/?$ https://www.cleanworxnj.com/service-areas/edison-nj [R=301,L,NE]","out\service-areas\edison-nj.html","PASS_STATIC"
"https://www.cleanworxnj.com/clark-nj-exterior-detailing-services","301","https://www.cleanworxnj.com/exterior-detailing","RewriteRule ^clark-nj-exterior-detailing-services/?$ https://www.cleanworxnj.com/exterior-detailing [R=301,L,NE]","out\exterior-detailing.html","PASS_STATIC"
"https://www.cleanworxnj.com/westfield-exterior-detailing-services","301","https://www.cleanworxnj.com/service-areas/westfield-nj","RewriteRule ^westfield-exterior-detailing-services/?$ https://www.cleanworxnj.com/service-areas/westfield-nj [R=301,L,NE]","out\service-areas\westfield-nj.html","PASS_STATIC"
"https://www.cleanworxnj.com/westfield-nj-headlight-resortation","301","https://www.cleanworxnj.com/service-areas/westfield-nj","RewriteRule ^westfield-nj-headlight-resortation/?$ https://www.cleanworxnj.com/service-areas/westfield-nj [R=301,L,NE]","out\service-areas\westfield-nj.html","PASS_STATIC"
"https://www.cleanworxnj.com/clark-nj-headlight-restoration","301","https://www.cleanworxnj.com/headlight-restoration","RewriteRule ^clark-nj-headlight-restoration/?$ https://www.cleanworxnj.com/headlight-restoration [R=301,L,NE]","out\headlight-restoration.html","PASS_STATIC"
"https://www.cleanworxnj.com/cranford-nj-headlight-restoration","301","https://www.cleanworxnj.com/service-areas/cranford-nj","RewriteRule ^cranford-nj-headlight-restoration/?$ https://www.cleanworxnj.com/service-areas/cranford-nj [R=301,L,NE]","out\service-areas\cranford-nj.html","PASS_STATIC"
"https://www.cleanworxnj.com/scotch-plains-nj-headlight-restoration","301","https://www.cleanworxnj.com/headlight-restoration","RewriteRule ^scotch-plains-nj-headlight-restoration/?$ https://www.cleanworxnj.com/headlight-restoration [R=301,L,NE]","out\headlight-restoration.html","PASS_STATIC"
"https://www.cleanworxnj.com/fords-nj-headlight-restoration","301","https://www.cleanworxnj.com/headlight-restoration","RewriteRule ^fords-nj-headlight-restoration/?$ https://www.cleanworxnj.com/headlight-restoration [R=301,L,NE]","out\headlight-restoration.html","PASS_STATIC"
"https://www.cleanworxnj.com/clark-nj-car-cleaning-service","301","https://www.cleanworxnj.com/","RewriteRule ^clark-nj-car-cleaning-service/?$ https://www.cleanworxnj.com/ [R=301,L,NE]","out\index.html","PASS_STATIC"
"https://www.cleanworxnj.com/westfield-nj-car-cleaning-service","301","https://www.cleanworxnj.com/service-areas/westfield-nj","RewriteRule ^westfield-nj-car-cleaning-service/?$ https://www.cleanworxnj.com/service-areas/westfield-nj [R=301,L,NE]","out\service-areas\westfield-nj.html","PASS_STATIC"
"https://www.cleanworxnj.com/edison-nj-car-cleaning-service","301","https://www.cleanworxnj.com/service-areas/edison-nj","RewriteRule ^edison-nj-car-cleaning-service/?$ https://www.cleanworxnj.com/service-areas/edison-nj [R=301,L,NE]","out\service-areas\edison-nj.html","PASS_STATIC"
"https://www.cleanworxnj.com/cranford-nj-car-cleaning-service","301","https://www.cleanworxnj.com/service-areas/cranford-nj","RewriteRule ^cranford-nj-car-cleaning-service/?$ https://www.cleanworxnj.com/service-areas/cranford-nj [R=301,L,NE]","out\service-areas\cranford-nj.html","PASS_STATIC"
"https://www.cleanworxnj.com/scotch-plains-nj-car-cleaning-services","301","https://www.cleanworxnj.com/","RewriteRule ^scotch-plains-nj-car-cleaning-services/?$ https://www.cleanworxnj.com/ [R=301,L,NE]","out\index.html","PASS_STATIC"
"https://www.cleanworxnj.com/fords-nj-car-cleaning-services","301","https://www.cleanworxnj.com/","RewriteRule ^fords-nj-car-cleaning-services/?$ https://www.cleanworxnj.com/ [R=301,L,NE]","out\index.html","PASS_STATIC"
"https://www.cleanworxnj.com/service-area-mobile-auto-detail-nj","301","https://www.cleanworxnj.com/mobile-auto-detailing","RewriteRule ^service-area-mobile-auto-detail-nj/?$ https://www.cleanworxnj.com/mobile-auto-detailing [R=301,L,NE]","out\mobile-auto-detailing.html","PASS_STATIC"
"https://www.cleanworxnj.com/woodbridge-nj-engine-bay-cleaning","301","https://www.cleanworxnj.com/service-areas/woodbridge-nj","RewriteRule ^woodbridge-nj-engine-bay-cleaning/?$ https://www.cleanworxnj.com/service-areas/woodbridge-nj [R=301,L,NE]","out\service-areas\woodbridge-nj.html","PASS_STATIC"
"https://www.cleanworxnj.com/edison-nj-engine-bay-cleaning","301","https://www.cleanworxnj.com/service-areas/edison-nj","RewriteRule ^edison-nj-engine-bay-cleaning/?$ https://www.cleanworxnj.com/service-areas/edison-nj [R=301,L,NE]","out\service-areas\edison-nj.html","PASS_STATIC"
"https://www.cleanworxnj.com/clark-nj-engine-bay-cleaning","301","https://www.cleanworxnj.com/add-ons","RewriteRule ^clark-nj-engine-bay-cleaning/?$ https://www.cleanworxnj.com/add-ons [R=301,L,NE]","out\add-ons.html","PASS_STATIC"
"https://www.cleanworxnj.com/westfield-nj-engine-bay-cleaning","301","https://www.cleanworxnj.com/service-areas/westfield-nj","RewriteRule ^westfield-nj-engine-bay-cleaning/?$ https://www.cleanworxnj.com/service-areas/westfield-nj [R=301,L,NE]","out\service-areas\westfield-nj.html","PASS_STATIC"
"https://www.cleanworxnj.com/scotch-plains-nj-engine-bay-cleaning","301","https://www.cleanworxnj.com/add-ons","RewriteRule ^scotch-plains-nj-engine-bay-cleaning/?$ https://www.cleanworxnj.com/add-ons [R=301,L,NE]","out\add-ons.html","PASS_STATIC"
"https://www.cleanworxnj.com/cranford-nj-engine-bay-cleaning","301","https://www.cleanworxnj.com/service-areas/cranford-nj","RewriteRule ^cranford-nj-engine-bay-cleaning/?$ https://www.cleanworxnj.com/service-areas/cranford-nj [R=301,L,NE]","out\service-areas\cranford-nj.html","PASS_STATIC"
"https://www.cleanworxnj.com/woodbridge-nj-detailing-questions","301","https://www.cleanworxnj.com/service-areas/woodbridge-nj","RewriteRule ^woodbridge-nj-detailing-questions/?$ https://www.cleanworxnj.com/service-areas/woodbridge-nj [R=301,L,NE]","out\service-areas\woodbridge-nj.html","PASS_STATIC"
"https://www.cleanworxnj.com/colonia-nj-ceramic-coatings","301","https://www.cleanworxnj.com/ceramic-coating","RewriteRule ^colonia-nj-ceramic-coatings/?$ https://www.cleanworxnj.com/ceramic-coating [R=301,L,NE]","out\ceramic-coating.html","PASS_STATIC"
"https://www.cleanworxnj.com/edison-nj-ceramic-coating","301","https://www.cleanworxnj.com/service-areas/edison-nj","RewriteRule ^edison-nj-ceramic-coating/?$ https://www.cleanworxnj.com/service-areas/edison-nj [R=301,L,NE]","out\service-areas\edison-nj.html","PASS_STATIC"
"https://www.cleanworxnj.com/clark-nj-ceramic-coating","301","https://www.cleanworxnj.com/ceramic-coating","RewriteRule ^clark-nj-ceramic-coating/?$ https://www.cleanworxnj.com/ceramic-coating [R=301,L,NE]","out\ceramic-coating.html","PASS_STATIC"
"https://www.cleanworxnj.com/westfield-nj-ceramic-coating","301","https://www.cleanworxnj.com/service-areas/westfield-nj","RewriteRule ^westfield-nj-ceramic-coating/?$ https://www.cleanworxnj.com/service-areas/westfield-nj [R=301,L,NE]","out\service-areas\westfield-nj.html","PASS_STATIC"
"https://www.cleanworxnj.com/woodbridge-nj-auto-detailing-photos","301","https://www.cleanworxnj.com/service-areas/woodbridge-nj","RewriteRule ^woodbridge-nj-auto-detailing-photos/?$ https://www.cleanworxnj.com/service-areas/woodbridge-nj [R=301,L,NE]","out\service-areas\woodbridge-nj.html","PASS_STATIC"
"https://www.cleanworxnj.com/woodbridge-nj-smoke-smell-removal","301","https://www.cleanworxnj.com/service-areas/woodbridge-nj","RewriteRule ^woodbridge-nj-smoke-smell-removal/?$ https://www.cleanworxnj.com/service-areas/woodbridge-nj [R=301,L,NE]","out\service-areas\woodbridge-nj.html","PASS_STATIC"
"https://www.cleanworxnj.com/clark-nj-smoke-smell-removal","301","https://www.cleanworxnj.com/car-odor-treatment","RewriteRule ^clark-nj-smoke-smell-removal/?$ https://www.cleanworxnj.com/car-odor-treatment [R=301,L,NE]","out\car-odor-treatment.html","PASS_STATIC"
"https://www.cleanworxnj.com/westfield-nj-smoke-smell-removal","301","https://www.cleanworxnj.com/service-areas/westfield-nj","RewriteRule ^westfield-nj-smoke-smell-removal/?$ https://www.cleanworxnj.com/service-areas/westfield-nj [R=301,L,NE]","out\service-areas\westfield-nj.html","PASS_STATIC"
"https://www.cleanworxnj.com/woodbridge-nj-pet-odor-removal-service","301","https://www.cleanworxnj.com/service-areas/woodbridge-nj","RewriteRule ^woodbridge-nj-pet-odor-removal-service/?$ https://www.cleanworxnj.com/service-areas/woodbridge-nj [R=301,L,NE]","out\service-areas\woodbridge-nj.html","PASS_STATIC"
"https://www.cleanworxnj.com/interior-detailing-edison-nj","301","https://www.cleanworxnj.com/service-areas/edison-nj","RewriteRule ^interior-detailing-edison-nj/?$ https://www.cleanworxnj.com/service-areas/edison-nj [R=301,L,NE]","out\service-areas\edison-nj.html","PASS_STATIC"
"https://www.cleanworxnj.com/auto-detailing-clark-new-jersey","301","https://www.cleanworxnj.com/","RewriteRule ^auto-detailing-clark-new-jersey/?$ https://www.cleanworxnj.com/ [R=301,L,NE]","out\index.html","PASS_STATIC"
"https://www.cleanworxnj.com/interior-detailing-clark-nj","301","https://www.cleanworxnj.com/interior-detailing","RewriteRule ^interior-detailing-clark-nj/?$ https://www.cleanworxnj.com/interior-detailing [R=301,L,NE]","out\interior-detailing.html","PASS_STATIC"
"https://www.cleanworxnj.com/the-best-auto-detailing-in-clark","301","https://www.cleanworxnj.com/","RewriteRule ^the-best-auto-detailing-in-clark/?$ https://www.cleanworxnj.com/ [R=301,L,NE]","out\index.html","PASS_STATIC"
"https://www.cleanworxnj.com/the-best-auto-detailing-westfield-nj","301","https://www.cleanworxnj.com/service-areas/westfield-nj","RewriteRule ^the-best-auto-detailing-westfield-nj/?$ https://www.cleanworxnj.com/service-areas/westfield-nj [R=301,L,NE]","out\service-areas\westfield-nj.html","PASS_STATIC"
"https://www.cleanworxnj.com/the-best-auto-detailing-in-westfield-nj","301","https://www.cleanworxnj.com/service-areas/westfield-nj","RewriteRule ^the-best-auto-detailing-in-westfield-nj/?$ https://www.cleanworxnj.com/service-areas/westfield-nj [R=301,L,NE]","out\service-areas\westfield-nj.html","PASS_STATIC"
"https://www.cleanworxnj.com/detailing-in-new-jersey","301","https://www.cleanworxnj.com/","RewriteRule ^detailing-in-new-jersey/?$ https://www.cleanworxnj.com/ [R=301,L,NE]","out\index.html","PASS_STATIC"
"https://www.cleanworxnj.com/basking-ridge-nj-auto-detailing","301","https://www.cleanworxnj.com/","RewriteRule ^basking-ridge-nj-auto-detailing/?$ https://www.cleanworxnj.com/ [R=301,L,NE]","out\index.html","PASS_STATIC"
"https://www.cleanworxnj.com/full-exterior-detailing-basking-ridge-nj","301","https://www.cleanworxnj.com/exterior-detailing","RewriteRule ^full-exterior-detailing-basking-ridge-nj/?$ https://www.cleanworxnj.com/exterior-detailing [R=301,L,NE]","out\exterior-detailing.html","PASS_STATIC"
"https://www.cleanworxnj.com/full-interior-detailing-basking-ridge-nj","301","https://www.cleanworxnj.com/interior-detailing","RewriteRule ^full-interior-detailing-basking-ridge-nj/?$ https://www.cleanworxnj.com/interior-detailing [R=301,L,NE]","out\interior-detailing.html","PASS_STATIC"
"https://www.cleanworxnj.com/basking-ridge-nj-full-detailing","301","https://www.cleanworxnj.com/","RewriteRule ^basking-ridge-nj-full-detailing/?$ https://www.cleanworxnj.com/ [R=301,L,NE]","out\index.html","PASS_STATIC"
"https://www.cleanworxnj.com/basking-ridge-nj-headlight-restoration","301","https://www.cleanworxnj.com/headlight-restoration","RewriteRule ^basking-ridge-nj-headlight-restoration/?$ https://www.cleanworxnj.com/headlight-restoration [R=301,L,NE]","out\headlight-restoration.html","PASS_STATIC"
"https://www.cleanworxnj.com/basking-ridge-nj-engine-bay-cleaning","301","https://www.cleanworxnj.com/add-ons","RewriteRule ^basking-ridge-nj-engine-bay-cleaning/?$ https://www.cleanworxnj.com/add-ons [R=301,L,NE]","out\add-ons.html","PASS_STATIC"
"https://www.cleanworxnj.com/basking-ridge-nj-ceramic-coating","301","https://www.cleanworxnj.com/ceramic-coating","RewriteRule ^basking-ridge-nj-ceramic-coating/?$ https://www.cleanworxnj.com/ceramic-coating [R=301,L,NE]","out\ceramic-coating.html","PASS_STATIC"
"https://www.cleanworxnj.com/basking-ridge-nj-odor-removal-service","301","https://www.cleanworxnj.com/car-odor-treatment","RewriteRule ^basking-ridge-nj-odor-removal-service/?$ https://www.cleanworxnj.com/car-odor-treatment [R=301,L,NE]","out\car-odor-treatment.html","PASS_STATIC"
"https://www.cleanworxnj.com/basking-ridge-nj-best-car-detailing","301","https://www.cleanworxnj.com/","RewriteRule ^basking-ridge-nj-best-car-detailing/?$ https://www.cleanworxnj.com/ [R=301,L,NE]","out\index.html","PASS_STATIC"
"https://www.cleanworxnj.com/basking-ridge-nj-best-car-cleaning","301","https://www.cleanworxnj.com/","RewriteRule ^basking-ridge-nj-best-car-cleaning/?$ https://www.cleanworxnj.com/ [R=301,L,NE]","out\index.html","PASS_STATIC"
"https://www.cleanworxnj.com/bernardsville-nj-auto-detailing","301","https://www.cleanworxnj.com/","RewriteRule ^bernardsville-nj-auto-detailing/?$ https://www.cleanworxnj.com/ [R=301,L,NE]","out\index.html","PASS_STATIC"
"https://www.cleanworxnj.com/bernardsville-nj-full-exterior-detailing","301","https://www.cleanworxnj.com/exterior-detailing","RewriteRule ^bernardsville-nj-full-exterior-detailing/?$ https://www.cleanworxnj.com/exterior-detailing [R=301,L,NE]","out\exterior-detailing.html","PASS_STATIC"
"https://www.cleanworxnj.com/bernardsville-nj-paint-correction","301","https://www.cleanworxnj.com/paint-correction","RewriteRule ^bernardsville-nj-paint-correction/?$ https://www.cleanworxnj.com/paint-correction [R=301,L,NE]","out\paint-correction.html","PASS_STATIC"
"https://www.cleanworxnj.com/bernardsville-nj-full-interior-detailing","301","https://www.cleanworxnj.com/interior-detailing","RewriteRule ^bernardsville-nj-full-interior-detailing/?$ https://www.cleanworxnj.com/interior-detailing [R=301,L,NE]","out\interior-detailing.html","PASS_STATIC"
"https://www.cleanworxnj.com/bernardsville-nj-full-detailing-services","301","https://www.cleanworxnj.com/","RewriteRule ^bernardsville-nj-full-detailing-services/?$ https://www.cleanworxnj.com/ [R=301,L,NE]","out\index.html","PASS_STATIC"
"https://www.cleanworxnj.com/bernardsville-nj-headlight-restoration","301","https://www.cleanworxnj.com/headlight-restoration","RewriteRule ^bernardsville-nj-headlight-restoration/?$ https://www.cleanworxnj.com/headlight-restoration [R=301,L,NE]","out\headlight-restoration.html","PASS_STATIC"
"https://www.cleanworxnj.com/bernardsville-nj-engine-bay-cleaning","301","https://www.cleanworxnj.com/add-ons","RewriteRule ^bernardsville-nj-engine-bay-cleaning/?$ https://www.cleanworxnj.com/add-ons [R=301,L,NE]","out\add-ons.html","PASS_STATIC"
"https://www.cleanworxnj.com/bernardsville-nj-ceramic-coating","301","https://www.cleanworxnj.com/ceramic-coating","RewriteRule ^bernardsville-nj-ceramic-coating/?$ https://www.cleanworxnj.com/ceramic-coating [R=301,L,NE]","out\ceramic-coating.html","PASS_STATIC"
"https://www.cleanworxnj.com/bernardsville-nj-odor-removal-services","301","https://www.cleanworxnj.com/car-odor-treatment","RewriteRule ^bernardsville-nj-odor-removal-services/?$ https://www.cleanworxnj.com/car-odor-treatment [R=301,L,NE]","out\car-odor-treatment.html","PASS_STATIC"
"https://www.cleanworxnj.com/bernardsville-nj-best-car-cleaning-services","301","https://www.cleanworxnj.com/","RewriteRule ^bernardsville-nj-best-car-cleaning-services/?$ https://www.cleanworxnj.com/ [R=301,L,NE]","out\index.html","PASS_STATIC"
"https://www.cleanworxnj.com/bernardsville-nj-best-car-detailing-services","301","https://www.cleanworxnj.com/","RewriteRule ^bernardsville-nj-best-car-detailing-services/?$ https://www.cleanworxnj.com/ [R=301,L,NE]","out\index.html","PASS_STATIC"
"https://www.cleanworxnj.com/basking-ridge-nj-paint-correction","301","https://www.cleanworxnj.com/paint-correction","RewriteRule ^basking-ridge-nj-paint-correction/?$ https://www.cleanworxnj.com/paint-correction [R=301,L,NE]","out\paint-correction.html","PASS_STATIC"
"https://www.cleanworxnj.com/bedminster-nj-auto-detailing","301","https://www.cleanworxnj.com/","RewriteRule ^bedminster-nj-auto-detailing/?$ https://www.cleanworxnj.com/ [R=301,L,NE]","out\index.html","PASS_STATIC"
"https://www.cleanworxnj.com/bedminster-nj-full-exterior-detailing","301","https://www.cleanworxnj.com/exterior-detailing","RewriteRule ^bedminster-nj-full-exterior-detailing/?$ https://www.cleanworxnj.com/exterior-detailing [R=301,L,NE]","out\exterior-detailing.html","PASS_STATIC"
"https://www.cleanworxnj.com/bedminster-nj-full-interior-detailing","301","https://www.cleanworxnj.com/interior-detailing","RewriteRule ^bedminster-nj-full-interior-detailing/?$ https://www.cleanworxnj.com/interior-detailing [R=301,L,NE]","out\interior-detailing.html","PASS_STATIC"
"https://www.cleanworxnj.com/bedminster-nj-full-detailing-services","301","https://www.cleanworxnj.com/","RewriteRule ^bedminster-nj-full-detailing-services/?$ https://www.cleanworxnj.com/ [R=301,L,NE]","out\index.html","PASS_STATIC"
"https://www.cleanworxnj.com/bedminster-nj-headlight-restoration","301","https://www.cleanworxnj.com/headlight-restoration","RewriteRule ^bedminster-nj-headlight-restoration/?$ https://www.cleanworxnj.com/headlight-restoration [R=301,L,NE]","out\headlight-restoration.html","PASS_STATIC"
"https://www.cleanworxnj.com/bedminster-nj-engine-bay-cleaning","301","https://www.cleanworxnj.com/add-ons","RewriteRule ^bedminster-nj-engine-bay-cleaning/?$ https://www.cleanworxnj.com/add-ons [R=301,L,NE]","out\add-ons.html","PASS_STATIC"
"https://www.cleanworxnj.com/bedminster-nj-ceramic-coating","301","https://www.cleanworxnj.com/ceramic-coating","RewriteRule ^bedminster-nj-ceramic-coating/?$ https://www.cleanworxnj.com/ceramic-coating [R=301,L,NE]","out\ceramic-coating.html","PASS_STATIC"
"https://www.cleanworxnj.com/bedminster-nj-paint-correction","301","https://www.cleanworxnj.com/paint-correction","RewriteRule ^bedminster-nj-paint-correction/?$ https://www.cleanworxnj.com/paint-correction [R=301,L,NE]","out\paint-correction.html","PASS_STATIC"
"https://www.cleanworxnj.com/bedminster-nj-odor-removal","301","https://www.cleanworxnj.com/car-odor-treatment","RewriteRule ^bedminster-nj-odor-removal/?$ https://www.cleanworxnj.com/car-odor-treatment [R=301,L,NE]","out\car-odor-treatment.html","PASS_STATIC"
"https://www.cleanworxnj.com/bedminster-nj-best-car-cleaning-services","301","https://www.cleanworxnj.com/","RewriteRule ^bedminster-nj-best-car-cleaning-services/?$ https://www.cleanworxnj.com/ [R=301,L,NE]","out\index.html","PASS_STATIC"
"https://www.cleanworxnj.com/bedminster-nj-best-car-detailing","301","https://www.cleanworxnj.com/","RewriteRule ^bedminster-nj-best-car-detailing/?$ https://www.cleanworxnj.com/ [R=301,L,NE]","out\index.html","PASS_STATIC"
"https://www.cleanworxnj.com/basking-ridge-mobile-detailing-services","301","https://www.cleanworxnj.com/mobile-auto-detailing","RewriteRule ^basking-ridge-mobile-detailing-services/?$ https://www.cleanworxnj.com/mobile-auto-detailing [R=301,L,NE]","out\mobile-auto-detailing.html","PASS_STATIC"
"https://www.cleanworxnj.com/bernardsville-nj-mobile-detailing-services","301","https://www.cleanworxnj.com/mobile-auto-detailing","RewriteRule ^bernardsville-nj-mobile-detailing-services/?$ https://www.cleanworxnj.com/mobile-auto-detailing [R=301,L,NE]","out\mobile-auto-detailing.html","PASS_STATIC"
"https://www.cleanworxnj.com/bedminster-nj-mobile-detailing","301","https://www.cleanworxnj.com/mobile-auto-detailing","RewriteRule ^bedminster-nj-mobile-detailing/?$ https://www.cleanworxnj.com/mobile-auto-detailing [R=301,L,NE]","out\mobile-auto-detailing.html","PASS_STATIC"
"https://www.cleanworxnj.com/bridgewater-nj-auto-detaiiling","301","https://www.cleanworxnj.com/service-areas/bridgewater-nj","RewriteRule ^bridgewater-nj-auto-detaiiling/?$ https://www.cleanworxnj.com/service-areas/bridgewater-nj [R=301,L,NE]","out\service-areas\bridgewater-nj.html","PASS_STATIC"
"https://www.cleanworxnj.com/bridgewater-nj-exterior-detailing","301","https://www.cleanworxnj.com/service-areas/bridgewater-nj","RewriteRule ^bridgewater-nj-exterior-detailing/?$ https://www.cleanworxnj.com/service-areas/bridgewater-nj [R=301,L,NE]","out\service-areas\bridgewater-nj.html","PASS_STATIC"
"https://www.cleanworxnj.com/bridgewater-nj-interior-detailing","301","https://www.cleanworxnj.com/service-areas/bridgewater-nj","RewriteRule ^bridgewater-nj-interior-detailing/?$ https://www.cleanworxnj.com/service-areas/bridgewater-nj [R=301,L,NE]","out\service-areas\bridgewater-nj.html","PASS_STATIC"
"https://www.cleanworxnj.com/bridgewater-nj-full-detailing-services","301","https://www.cleanworxnj.com/service-areas/bridgewater-nj","RewriteRule ^bridgewater-nj-full-detailing-services/?$ https://www.cleanworxnj.com/service-areas/bridgewater-nj [R=301,L,NE]","out\service-areas\bridgewater-nj.html","PASS_STATIC"
"https://www.cleanworxnj.com/bridgewater-nj-headlight-restoration","301","https://www.cleanworxnj.com/service-areas/bridgewater-nj","RewriteRule ^bridgewater-nj-headlight-restoration/?$ https://www.cleanworxnj.com/service-areas/bridgewater-nj [R=301,L,NE]","out\service-areas\bridgewater-nj.html","PASS_STATIC"
"https://www.cleanworxnj.com/bridgewater-nj-engine-bay-cleaning","301","https://www.cleanworxnj.com/service-areas/bridgewater-nj","RewriteRule ^bridgewater-nj-engine-bay-cleaning/?$ https://www.cleanworxnj.com/service-areas/bridgewater-nj [R=301,L,NE]","out\service-areas\bridgewater-nj.html","PASS_STATIC"
"https://www.cleanworxnj.com/bridgewater-nj-ceramic-coating","301","https://www.cleanworxnj.com/service-areas/bridgewater-nj","RewriteRule ^bridgewater-nj-ceramic-coating/?$ https://www.cleanworxnj.com/service-areas/bridgewater-nj [R=301,L,NE]","out\service-areas\bridgewater-nj.html","PASS_STATIC"
"https://www.cleanworxnj.com/bridgewater-nj-paint-correction","301","https://www.cleanworxnj.com/service-areas/bridgewater-nj","RewriteRule ^bridgewater-nj-paint-correction/?$ https://www.cleanworxnj.com/service-areas/bridgewater-nj [R=301,L,NE]","out\service-areas\bridgewater-nj.html","PASS_STATIC"
"https://www.cleanworxnj.com/bridgewater-nj-odor-removal","301","https://www.cleanworxnj.com/service-areas/bridgewater-nj","RewriteRule ^bridgewater-nj-odor-removal/?$ https://www.cleanworxnj.com/service-areas/bridgewater-nj [R=301,L,NE]","out\service-areas\bridgewater-nj.html","PASS_STATIC"
"https://www.cleanworxnj.com/bridgewater-nj-best-car-cleaning","301","https://www.cleanworxnj.com/service-areas/bridgewater-nj","RewriteRule ^bridgewater-nj-best-car-cleaning/?$ https://www.cleanworxnj.com/service-areas/bridgewater-nj [R=301,L,NE]","out\service-areas\bridgewater-nj.html","PASS_STATIC"
"https://www.cleanworxnj.com/bridgewater-nj-best-car-detailing","301","https://www.cleanworxnj.com/service-areas/bridgewater-nj","RewriteRule ^bridgewater-nj-best-car-detailing/?$ https://www.cleanworxnj.com/service-areas/bridgewater-nj [R=301,L,NE]","out\service-areas\bridgewater-nj.html","PASS_STATIC"
"https://www.cleanworxnj.com/premier-ceramic-coatings","301","https://www.cleanworxnj.com/service-areas/bridgewater-nj","RewriteRule ^premier-ceramic-coatings/?$ https://www.cleanworxnj.com/service-areas/bridgewater-nj [R=301,L,NE]","out\service-areas\bridgewater-nj.html","PASS_STATIC"
"https://www.cleanworxnj.com/basking-ridge-nj-detailing-faq","301","https://www.cleanworxnj.com/faq","RewriteRule ^basking-ridge-nj-detailing-faq/?$ https://www.cleanworxnj.com/faq [R=301,L,NE]","out\faq.html","PASS_STATIC"
"https://www.cleanworxnj.com/far-hills-nj-auto-detailing-1","301","https://www.cleanworxnj.com/","RewriteRule ^far-hills-nj-auto-detailing-1/?$ https://www.cleanworxnj.com/ [R=301,L,NE]","out\index.html","PASS_STATIC"
"https://www.cleanworxnj.com/far-hills-nj-ceramic-coating","301","https://www.cleanworxnj.com/ceramic-coating","RewriteRule ^far-hills-nj-ceramic-coating/?$ https://www.cleanworxnj.com/ceramic-coating [R=301,L,NE]","out\ceramic-coating.html","PASS_STATIC"
"https://www.cleanworxnj.com/far-hills-full-exterior-detailing","301","https://www.cleanworxnj.com/exterior-detailing","RewriteRule ^far-hills-full-exterior-detailing/?$ https://www.cleanworxnj.com/exterior-detailing [R=301,L,NE]","out\exterior-detailing.html","PASS_STATIC"
"https://www.cleanworxnj.com/963773025862","301","https://www.cleanworxnj.com/interior-detailing","RewriteRule ^963773025862/?$ https://www.cleanworxnj.com/interior-detailing [R=301,L,NE]","out\interior-detailing.html","PASS_STATIC"
"https://www.cleanworxnj.com/far-hills-engine-detailing","301","https://www.cleanworxnj.com/add-ons","RewriteRule ^far-hills-engine-detailing/?$ https://www.cleanworxnj.com/add-ons [R=301,L,NE]","out\add-ons.html","PASS_STATIC"
"https://www.cleanworxnj.com/far-hills-ozone-treatment","301","https://www.cleanworxnj.com/car-odor-treatment","RewriteRule ^far-hills-ozone-treatment/?$ https://www.cleanworxnj.com/car-odor-treatment [R=301,L,NE]","out\car-odor-treatment.html","PASS_STATIC"
"https://www.cleanworxnj.com/far-hills-headlights-res","301","https://www.cleanworxnj.com/headlight-restoration","RewriteRule ^far-hills-headlights-res/?$ https://www.cleanworxnj.com/headlight-restoration [R=301,L,NE]","out\headlight-restoration.html","PASS_STATIC"
"https://www.cleanworxnj.com/far-hills-paint-correction","301","https://www.cleanworxnj.com/paint-correction","RewriteRule ^far-hills-paint-correction/?$ https://www.cleanworxnj.com/paint-correction [R=301,L,NE]","out\paint-correction.html","PASS_STATIC"
"https://www.cleanworxnj.com/photo-gallery-basking-ridge","301","https://www.cleanworxnj.com/our-work","RewriteRule ^photo-gallery-basking-ridge/?$ https://www.cleanworxnj.com/our-work [R=301,L,NE]","out\our-work.html","PASS_STATIC"
"https://www.cleanworxnj.com/about-us-detailing-basking-ridge-nj","301","https://www.cleanworxnj.com/about","RewriteRule ^about-us-detailing-basking-ridge-nj/?$ https://www.cleanworxnj.com/about [R=301,L,NE]","out\about.html","PASS_STATIC"
"https://www.cleanworxnj.com/mobile-detailing-in-basking-ridge","301","https://www.cleanworxnj.com/mobile-auto-detailing","RewriteRule ^mobile-detailing-in-basking-ridge/?$ https://www.cleanworxnj.com/mobile-auto-detailing [R=301,L,NE]","out\mobile-auto-detailing.html","PASS_STATIC"
"https://www.cleanworxnj.com/mobile-detailing-in-bernards-nj","301","https://www.cleanworxnj.com/mobile-auto-detailing","RewriteRule ^mobile-detailing-in-bernards-nj/?$ https://www.cleanworxnj.com/mobile-auto-detailing [R=301,L,NE]","out\mobile-auto-detailing.html","PASS_STATIC"
"https://www.cleanworxnj.com/mobile-detailing-in-bernardsville-nj","301","https://www.cleanworxnj.com/mobile-auto-detailing","RewriteRule ^mobile-detailing-in-bernardsville-nj/?$ https://www.cleanworxnj.com/mobile-auto-detailing [R=301,L,NE]","out\mobile-auto-detailing.html","PASS_STATIC"
"https://www.cleanworxnj.com/long-hill-nj-mobile-detailing","301","https://www.cleanworxnj.com/mobile-auto-detailing","RewriteRule ^long-hill-nj-mobile-detailing/?$ https://www.cleanworxnj.com/mobile-auto-detailing [R=301,L,NE]","out\mobile-auto-detailing.html","PASS_STATIC"
"https://www.cleanworxnj.com/far-hills-nj-mobile-detailing","301","https://www.cleanworxnj.com/mobile-auto-detailing","RewriteRule ^far-hills-nj-mobile-detailing/?$ https://www.cleanworxnj.com/mobile-auto-detailing [R=301,L,NE]","out\mobile-auto-detailing.html","PASS_STATIC"
"https://www.cleanworxnj.com/lyons-nj-mobile-detailing-1","301","https://www.cleanworxnj.com/mobile-auto-detailing","RewriteRule ^lyons-nj-mobile-detailing-1/?$ https://www.cleanworxnj.com/mobile-auto-detailing [R=301,L,NE]","out\mobile-auto-detailing.html","PASS_STATIC"
"https://www.cleanworxnj.com/bedminster-nj-mobile-detailing-1","301","https://www.cleanworxnj.com/mobile-auto-detailing","RewriteRule ^bedminster-nj-mobile-detailing-1/?$ https://www.cleanworxnj.com/mobile-auto-detailing [R=301,L,NE]","out\mobile-auto-detailing.html","PASS_STATIC"
"https://www.cleanworxnj.com/madisonville-nj-mobile-detailing","301","https://www.cleanworxnj.com/mobile-auto-detailing","RewriteRule ^madisonville-nj-mobile-detailing/?$ https://www.cleanworxnj.com/mobile-auto-detailing [R=301,L,NE]","out\mobile-auto-detailing.html","PASS_STATIC"
"https://www.cleanworxnj.com/somerset-nj-mobile-detailing","301","https://www.cleanworxnj.com/mobile-auto-detailing","RewriteRule ^somerset-nj-mobile-detailing/?$ https://www.cleanworxnj.com/mobile-auto-detailing [R=301,L,NE]","out\mobile-auto-detailing.html","PASS_STATIC"
"https://www.cleanworxnj.com/warren-nj-mobile-detailing","301","https://www.cleanworxnj.com/mobile-auto-detailing","RewriteRule ^warren-nj-mobile-detailing/?$ https://www.cleanworxnj.com/mobile-auto-detailing [R=301,L,NE]","out\mobile-auto-detailing.html","PASS_STATIC"
"https://www.cleanworxnj.com/berkeley-heights-nj-mobile-detailing","301","https://www.cleanworxnj.com/mobile-auto-detailing","RewriteRule ^berkeley-heights-nj-mobile-detailing/?$ https://www.cleanworxnj.com/mobile-auto-detailing [R=301,L,NE]","out\mobile-auto-detailing.html","PASS_STATIC"
"http://www.cleanworxnj.com/","301","https://www.cleanworxnj.com/","canonical host/protocol rule","out\index.html","PASS_STATIC"
"https://cleanworxnj.com/interior-detailing-edison-nj","301","https://www.cleanworxnj.com/service-areas/edison-nj","RewriteRule ^interior-detailing-edison-nj/?$ https://www.cleanworxnj.com/service-areas/edison-nj [R=301,L,NE]","out\service-areas\edison-nj.html","PASS_STATIC"
"https://cleanworxnj.com/interior-detailing-clark-nj","301","https://www.cleanworxnj.com/interior-detailing","RewriteRule ^interior-detailing-clark-nj/?$ https://www.cleanworxnj.com/interior-detailing [R=301,L,NE]","out\interior-detailing.html","PASS_STATIC"
"https://www.cleanworxnj.com/interior-detail-services-colonia-nj","301","https://www.cleanworxnj.com/interior-detailing","RewriteRule ^interior-detail-services-colonia-nj/?$ https://www.cleanworxnj.com/interior-detailing [R=301,L,NE]","out\interior-detailing.html","PASS_STATIC"
"https://www.cleanworxnj.com/woodbridge-nj-auto-detailing","301","https://www.cleanworxnj.com/service-areas/woodbridge-nj","RewriteRule ^woodbridge-nj-auto-detailing/?$ https://www.cleanworxnj.com/service-areas/woodbridge-nj [R=301,L,NE]","out\service-areas\woodbridge-nj.html","PASS_STATIC"
"https://cleanworxnj.com/auto-detailing-clark-new-jersey","301","https://www.cleanworxnj.com/","RewriteRule ^auto-detailing-clark-new-jersey/?$ https://www.cleanworxnj.com/ [R=301,L,NE]","out\index.html","PASS_STATIC"
"https://cleanworxnj.com/","301","https://www.cleanworxnj.com/","canonical host/protocol rule","out\index.html","PASS_STATIC"
"https://cleanworxnj.com/frequently-asked-questions-about-auto-detailing","301","https://www.cleanworxnj.com/faq","RewriteRule ^frequently-asked-questions-about-auto-detailing/?$ https://www.cleanworxnj.com/faq [R=301,L,NE]","out\faq.html","PASS_STATIC"
"https://www.cleanworxnj.com/auto-detailing-colonia-pricing","301","https://www.cleanworxnj.com/","RewriteRule ^auto-detailing-colonia-pricing/?$ https://www.cleanworxnj.com/ [R=301,L,NE]","out\index.html","PASS_STATIC"
"https://www.cleanworxnj.com/car-cleaniing-services-colonia","301","https://www.cleanworxnj.com/","RewriteRule ^car-cleaniing-services-colonia/?$ https://www.cleanworxnj.com/ [R=301,L,NE]","out\index.html","PASS_STATIC"
"https://www.cleanworxnj.com/full-detail-services-colonia","301","https://www.cleanworxnj.com/","RewriteRule ^full-detail-services-colonia/?$ https://www.cleanworxnj.com/ [R=301,L,NE]","out\index.html","PASS_STATIC"
